-0.6991108954376755, 64799.28937433687
4.847305955602357, 61999.27621460239
8.952320636931162, 58117.18743574349
13.675020356464298, 54667.98812333963
20.041041921979236, 50357.15519439396
24.354144905126553, 47771.36606268971
29.694940904567268, 44971.05680892889
34.83093853581504, 42602.45264551791
40.17173453525577, 39802.143391757105
45.09841013957546, 35489.23780462732
49.821932342515, 32472.039676599576
54.342712385777624, 30966.549599861875
55.57109135323196, 28160.31846557499
56.18589769951393, 27081.203786713657
57.623187452193164, 26003.27348395751
58.44525961688724, 25788.45726787467
59.26650929817492, 25141.63986741572
61.115863237459195, 24496.302937088305
65.01813575911108, 22125.922209519482
70.15372214865567, 19541.317453920426
74.46600264839657, 16523.52713784006
79.18787988452331, 12642.32664106008
84.9403288288659, 10058.610167539937
90.07468149330091, 6826.003635376719
94.38737323474498, 4024.2139114844163
99.52049217407038, 143.6056027570409
105.48349687045065, 152.19232951983304
108.97905134763907, 157.22592796698706
115.7645394504166, 166.99703083499196
120.28737570219523, -258.490084962521
124.40020397588478, -36.56761224842584
130.1584103040721, 403.72420486427467
134.68165779755395, 194.23768125488422
139.61614699423438, -14.656654301915449
144.9618778941135, -222.95880180615328
148.87073028301657, 862.669945633969
155.03647713907375, -640.4513788934149
159.1501278961697, 13.472278196871656
164.49668127945517, 237.17131506884482
170.25283139912653, -402.53982875892405
174.5712805244154, -180.32126201847873
179.30179383630937, 474.4906771507149
183.61900923648864, 48.7074673268947
190.6105294325687, 274.7752564093483
194.72212398114868, -151.30404744072248
199.2457827163337, -144.78997886212352
204.79836819292169, 295.2057442242677
210.14451033450402, 302.9041889081502
215.69627332768565, 310.898727618336
219.19223904657724, 531.9329182535657
224.74317955635243, 107.92627258752309
229.67849123643933, 331.03312140695203
234.61339167482296, 338.1393780382283
240.57763009631284, 994.7278813652041
244.07277333179803, 783.7608876242793
249.62330259987002, 143.75364977009494
249.2116496549682, -72.83913047045048
254.76382388985303, 151.15600042772616
260.1107885148418, 590.855629487884
264.83842313481324, -266.33657665953996
269.568525205004, 172.47477032170946
274.709046494987, 179.8771209791212
279.84956778496996, 187.27947163676916
283.9619848169563, 193.20135216268403
291.15871462293245, 203.56464308347645
295.0659220450228, 425.19102177136233
299.79396790669756, -216.00059218807684
