134.68165779755395, 194.23768125488422
139.61614699423438, -14.656654301915449
144.9618778941135, -222.95880180615328
148.87073028301657, 862.669945633969
155.03647713907375, -640.4513788934149
159.1501278961697, 13.472278196871656
164.49668127945517, 237.17131506884482
170.25283139912653, -402.53982875892405
174.5712805244154, -180.32126201847873
179.30179383630937, 474.4906771507149
183.61900923648864, 48.7074673268947
190.6105294325687, 274.7752564093483
194.72212398114868, -151.30404744072248
199.2457827163337, -144.78997886212352
204.79836819292169, 295.2057442242677
210.14451033450402, 302.9041889081502
215.69627332768565, 310.898727618336
219.19223904657724, 531.9329182535657
224.74317955635243, 107.92627258752309
229.67849123643933, 331.03312140695203
234.61339167482296, 338.1393780382283
240.57763009631284, 994.7278813652041
244.07277333179803, 783.7608876242793
249.62330259987002, 143.75364977009494
249.2116496549682, -72.83913047045048
254.76382388985303, 151.15600042772616
260.1107885148418, 590.855629487884
264.83842313481324, -266.33657665953996
269.568525205004, 172.47477032170946
274.709046494987, 179.8771209791212
279.84956778496996, 187.27947163676916
283.9619848169563, 193.20135216268403
291.15871462293245, 203.56464308347645
295.0659220450228, 425.19102177136233
299.79396790669756, -216.00059218807684
129.33592689767482, 402.5398287590455
122.96085801468956, -38.64027043250614
119.87736772410618, 388.9195035491056
114.94164480231612, -50.18793745827539
109.59632514414022, 374.11480223393596
104.8662230739495, -64.69654474721493
99.52049217407038, 143.6056027570409
94.79162382898926, 352.7960323401289
89.65233626411587, 993.3954582467097
84.51058124902329, 337.99133102496927
79.57650329404606, 762.8862587698105
74.6424253390688, 1187.7811865146305
70.52918582367602, 749.8581216124586
64.77385818741108, 1821.5704498162256
60.258424286290044, 6135.0682249986185
54.50720906705709, 9366.786475082921
50.198218500941756, 14112.581528667699
45.27195413832526, 18641.487707985536
40.13924644070307, 22738.096608900953
34.390909913392505, 27481.819004301622
30.2858952320637, 31363.9077831605
28.642162144378748, 32009.540807514226
26.58718735349514, 32654.581643815363
25.76634891391066, 33517.39963646235
24.958258967125342, 41076.23598693899
19.643371194986123, 57484.582548547114
15.343427946341203, 66982.39063026904
10.42579965949191, 76047.30924553599
4.900767377018218, 90079.35319904922
-0.006991108954363544, 104328.2860268294
